headline,clickbait
Should I Get Bings,1
Which TV Female Friend Group Do You Belong In,1
"The New ""Star Wars: The Force Awakens"" Trailer Is Here To Give You Chills",1
"This Vine Of New York On ""Celebrity Big Brother"" Is Fucking Perfect",1
A Couple Did A Stunning Photo Shoot With Their Baby After Learning She Had An Inoperable Brain Tumor,1
How To Flirt With Queer Girls Without Making A Total Fool Of Yourself,1
32 Cute Things To Distract From Your Awkward Thanksgiving,1
If Disney Princesses Were From Florida,1
What's A Quote Or Lyric That Best Describes Your Depression,1
"Natalie Dormer And Sam Claflin Play A Game To See How They'd Actually Last In ""The Hunger Games""",1
16 Perfect Responses To The Indian Patriarchy,1
"21 Times I Died During The ""Captain America: Civil War"" Teaser",1
17 Times Kourtney Kardashian Shut Down Her Own Family,1
Does Coffee Make You Poop,1
Who Is Your Celebrity Ex Based On Your Zodiac,1
17 Hairdresser Struggles Every Black Girl Knows To Be True,1
Are You More Walter White Or Heisenberg,1
The Most Canadian Groom Ever Left His Wedding To Plow Out His Guests In A Snow Storm,1
Here's One Really Weird Thing About Butterfree,1
15 Resolutions To Make Good On In 2016,1
What New Thing Should You Try In 2016,1
Zoo Animals Around The World Are Opening Their Christmas Presents Early,1
Tell Us About Yourself(ie): Erica Ash,1
9 Times I Cried,1
21 Vegetarian Dump Dinners For The Crock Pot,1
This Goat Has Been Bullying His Tiger Friend,1
"8 Fall Shows To Be Excited About, 10 To Give A Chance, And 6 To Avoid",1
"Another Round, Episode 25: Stop Telling Women To Smile",1
16 Signs You Are Too Stubborn To Live,1
This Country Singer Makes Music On His Game Boy In His Spare Time,1
When You Realize Every Guy Is Taken,1
"An Awesome Look At The Behind-The-Scenes Concept Art Of ""Aladdin""",1
"Sarah Jessica Parker Talks Being A Carrie, ""Hocus Pocus,"" And Her Love Of New York",1
Which Type Of Swearer Are You,1
A Dad Recorded All The Adorable Questions His Son Asked When Watching Star Wars For The First Time,1
"29 Impossibly Stylish Cat Gifts, In Order Of Awesomeness",1
13 Of The Most Glorious Made-Up Words From Literature,1
We Pranked A Bunch Of People By Dropping An iPhone In Front Of Them,1
23 Flaws Every Sneakerhead Has,1
We Know Your Zodiac Sign Based On Which Cat You Choose,1
"Grimes On Her New Album And The Heartbreaking Inspiration Behind ""Oblivion""",1
This Instagram Account Is Recreating 2015's Greatest Hits With Barbies,1
The 22 Best Adele Memes,1
17 Pictures Hot People Will Never Understand,1
How Badly Are You Taking The One Direction Hiatus,1
We Know What You Want For Christmas Based On Your Zodiac Sign,1
Guys Try Pinterest Leaf Hacks,1
22 Tips For Hiking With Kids That Every Parent Should Know,1
The Scariest Halloween Candy Taste Test,1
This Dog Begging For His Human's Forgiveness Is The Cutest Thing You'll See Today,1
Here's 100 Years Of Bollywood Cinema In Under Four Minutes,1
Ed Westwick Showed Up To An Emmys Party Looking Like The Chuck Bass Of Your Dreams,1
What Is Your Favorite Activity When Visiting Family,1
Take This Color Test To See How Far You'd Go For Love,1
Are You Brave Enough To Date A Werewolf,1
18 Things Everyone Who Hates PDA Will Understand,1
27 Things That Always Happen In The Office During Christmas,1
How Many Of These SpongeBob Faces Do You Recognize,1
Which Golden Globe Reaction Face Are You Based On Your Zodiac Sign,1
25 Reasons A Trip To Costa Rica Could Actually Change Your Life,1
Literally Just 46 Photos Of Scotland Looking Sexy As Hell,1
58 Things That Mildly Annoy Anyone Who Lives With Someone Messy,1
17 Places All Music Lovers Should Go In London,1
"Do You Know The Lyrics To ""Hotline Bling"" By Drake",1
Which Weasley Should Be Your Best Friend,1
29 Books Every '90s Kid Will Immediately Recognize,1
This Organisation Is Trying To Launch India's First Transgender Model Agency,1
Request Timeout,1
"Issa Rae's ""Insecure"" Is Coming To HBO At Long Last",1
"How Well Do You Know ""Pretty Little Liars""",1
You've Been Using Your Rice Cooker Wrong The Entire Time,1
No Actors Of Color Were Nominated For An Oscar This Year And People Are Pissed,1
This Guy Totally Nailed What A Modern Day Aladdin Would Look Like,1
18 Easy And Delicious One-Pan Breakfasts,1
We Tried Out Magic Wands And Here's What Happened,1
Charli XCX Looked Like A Space Dominatrix At The MTV EMAs,1
If The Avengers Looked Like They Originally Did In The Comics,1
13 Reasons Urinals Are The Worst Human Invention Of All Time,1
Will You Get A Free Car From Oprah Or A Free Tub Of Vaseline From Tyra,1
28 Of The Most Canadian Crimes Ever Committed,1
19 Beautiful Places In Scotland That Give People All The Feels,1
Here's How To Actually Get Rid Of Acne All Over Your Body,1
This 24-Year-Old Guy Got Drunk And Accidentally Booked An Insane Vacation,1
I Asked Guys If They Were Going To Buy Leona Lewis's Exclusive Grindr Album,1
24 Delicious Thanksgiving Desserts That Aren't Pie,1
Country Star Jason Aldean Wore Blackface On Halloween To Dress Up As Lil Wayne,1
17 Times College Literally Sucked The Life Out Of You,1
"The Hardest ""America's Next Top Model"" Quiz You'll Take Today",1
This Color Test Will Determine How You Like To Masturbate,1
42 Of The Most Romantic Lines From YA Literature,1
"This Reporter Responded To A Vulgar Comment With An Awesome ""Your Mama"" Joke",1
22 People Who Were Just Smooth AF,1
Are You Bart Or Lisa,1
Which Zodiac Sign Are You Most Compatible With,1
"How Well Do You Remember ""The Vampire Diaries"" Murder House Party",1
"How Well Do You Remember ""Sabrina, The Teenage Witch""",1
12 Signs You Grew Up In San Francisco,1
What You Say To Someone With Chronic Pain And What They Hear,1
23 Totally Amazing BodyCon Looks You'll Wanna Rock This Fall,1
There's An Amazing New Beauty Box Catering To Women Of Color,1
We Taught These Grandmas How To Do The Nae Nae And It Was Cute AF,1
17 Perfect Products For Embracing Your Inner Kanye,1
"Here's How To Draw A Hand, Maybe",1
Can You Identify These Movies Based On The Main Character's BFF,1
21 Tweets That Prove Your Brain Can Be A Real Dick Sometimes,1
Which Badass Lady Should Be Your Valentine Based On One Question,1
Anna Camp And Skylar Astin Are Engaged So Everything Is Finally Right In The World,1
People Are Pretending To Faint In Front Of Their Dogs To See How They React,1
Are These Smiths Lyrics Real Or Fake,1
Do You Have ESP,1
We Can Tell You Who You Should Date With Just Four Questions About Biryani,1
21 Tweets About Having Braces That Are Way Too Real,1
A Dad Surprised His Kids With His Military Homecoming By Dressing Up As A Gift From Their Elf,1
Be Honest: Would You Hit That,1
We Know What You Play In Your Private Sessions,1
18 Posts That Prove Coconut Oil Is The Answer To All Your Problems,1
19 Items Anyone Who Loves Burgers Needs To Own,1
20 Confessions From People Who Are Slightly Obsessed With Outer Space,1
21 Things All Vegetarian Couples Just Get,1
"Will Ferrell Is The New, Badass Santa",1
Mark Ruffalo Posted A Shirtless Pic Promoting Breast Cancer Awareness For Men,1
Nobody Likes Hand Jobs,1
Are You More Pinky Or The Brain,1
"No Additional Episodes Of ""Making A Murderer"" Have Been Made Yet",1
15 Times Priyanka Chopra Goddamn Owned 2015,1
25 Of The Best Tumblr Memes Of 2015,1
27 Pictures That Are Way Too Real If You Have A Four-Person Family,1
17 People Who Slayed The Eyeshadow Game,1
23 Things You Probably Shouldn't Say To Someone With Depression,1
Someone Illustrated Leslie Knope's Compliments And They're Pretty Damn Cool,1
People Don't Know Who David Bowie Is And We're Here To Clear That Up,1
Gay Drama Teacher Responds Perfectly After A Mother Pulls Her Kids From His Class,1
The 21 Best Server Memes On The Internet,1
Try And Guess What Chips These Were Before We Smashed Them,1
How Good At Spelling Are You Actually,1
Would You Be Friends With Blair Or Serena,1
For Anyone Too Tired To Go Out On The Weekend,1
What People Who Go To Therapy Want You To Know,1
"Here's A Photo Of Buff John Krasinski In ""13 Hours"" And It's Hard To Handle",1
What Obscure Thing Should You Make Sexy For Halloween,1
18 Very Sweary British Words You Need To Use Right Now,1
14 Rare Photos Of Albert Einstein That You've Probably Never Seen Before,1
"12 Reasons Kendrick Sampson From ""HTGAWM"" Is The Ultimate Bae",1
11 Struggles Women Understand Too Well,1
"Mumbai Is Sending Powerful Messages Of Love, Support, And Solidarity For Paris",1
17 Thoughts We All Had While Stalking Our Exes On Facebook,1
"I'm An Immigrant, But I'm Not",1
This Guy's Cheese Vine Perfectly Sums Up How Silly The Daily Mail Is,1
We Reenacted What Kids Said About Black Leaders And It's Amazing,1
10 Movies With A Shit-Ton Of Lesbian Subtext,1
17 Books That Perfectly Capture The Immigrant Experience,1
Beans Memes Is The Only Twitter Account That Actually Matters,1
13 Confessions About Masturbation That'll Make You Go WTF,1
"The Secondary Characters Of ""Friends,"" Then Vs. Now",1
Do You Belong In London Or San Francisco,1
24 Potato Recipes That Should Be Illegal,1
11 Charts And Graphs Every James Bond Fan Will Get,1
"How Well Do You Know Season One Of ""Buffy""",1
Only True New Jerseyans Will Ace This Quiz,1
These DIY Oreo Churros Are Next-Level Glorious,1
19 Gifts Every Classical Music Nerd Will Love,1
24 Hilarious Tweets Every Book Lover Will Appreciate,1
Which Christmas Movie Should You Watch Right Now,1
"How Well Do You Remember Season 5 Of ""The Walking Dead""",1
15 Times The Try Guys Went A Little Too Far In 2015,1
25 Things You Should Never Say To Someone With Big Boobs,1
"If ""Netflix And Chill"" Were Honest",1
"This Wounded Veteran's Service Dog Was His Best Man, And It'll Make You Bawl",1
"These Youth Football Players Quit Their Game To Do The ""Whip/Nae Nae""",1
Here's How To Make The Only Birthday Cake You'll Ever Need,1
These BFFs Are Slaying Internet Fashion,1
"Dear World, A Word Of Advice From India: Your Butts Are Dirty",1
Would You Pass Environmental Science Now,1
25 Things You'll Only Get If You're Obsessed With Baths,1
Amber Rose Had A Lot To Say About Kanye After Their Twitter War,1
"23 Important Life Lessons ""The Hunger Games"" Have Taught Us",1
15 Game-Changing Eyeliner Charts If You Suck At Makeup,1
17 Beauty Hacks You Should Try In 2016,1
17 Things Only Women Who Aren't That Into Makeup Will Understand,1
15 Hits From 1996 That'll Make You Feel Old AF,1
24 Pictures That Show 2016 Is Off To A Terrible Start,1
What's The Most Beautiful College Campus In The World,1
8 Urban Dictionary Definitions You Need To Know,1
Here's Everything You Need To Know About Renters Insurance,1
Adele Said A Mic Dropped In The Piano And That's Why Her Grammy Performance Was Off,1
31 Celebrity Babies We Said Hello To In 2015,1
19 Silly Assumptions About Singles In Their Thirties,1
The Food At Electric Picnic This Year Looks Amazing,1
"If ""Dragon Ball Z"" Characters Had Realistic Proportions",1
15 Ridiculously Awkward Sex Questions Parents Have Actually Asked Their Kids,1
16 Times Costco Failed So Hard It Almost Won,1
Which X-Men Character Are You Based On Your Zodiac Sign,1
13 Things All Slytherins Will Need In 2016,1
12 People Who Are Going To Have A Really Hard Time Doing Their Job In That Costume,1
We Need To Acknowledge That Niall Is The Most Underrated Member Of One Direction,1
We Know How Many Times You Masturbated Last Week,1
Are You More Nick Or Joe Jonas,1
What Being A Straight Woman On Tinder Has Taught Me,1
You'll Be In Tears After Hearing Josh Groban And Kelly Clarkson Duet,1
17 Easy Slow Cooker Soups That Will Warm You Right Up,1
21 Desserts That Prove Bourbon Makes Everything Better,1
23 Times Liz Lemon Spoke The Goddamn Truth,1
If Wedding Magazines Were More Realistic,1
Oscar Nominee Brie Larson Had The Most 2000s Music Career Of All Time,1
Explaining Rap Lyrics Will Get You Fired As An Election Candidate In Canada,1
15 Ooey Gooey Snacks That Take Cheese To The Next Level,1
Which Oscar Winner Are You Based On Your Zodiac Sign,1
Adele Is Currently Experiencing What She Put All Of Us Through For The Last Four Years,1
16 Things You See When You Go To Tim Hortons At 6 A.M,1
15 Weird Things You Never Knew There Were Words For,1
17 Instagram Photos Every Short Girl Can Relate To,1
17 Delicious Winter Smoothies That Will Jump Start Your Mornings,1
"Which ""Breaking Bad"" Character Said These Famous Last Words",1
21 Weird Punishments People Actually Got When They Were Kids,1
"Jamie And Claire Are Looking Damn Good In ""Outlander"" Season 2",1
Literally A Bunch Of Fucked Up Memes About Caillou (That Are Great),1
Are You More Tinker Bell Or Belle,1
"Rihanna And Drake Are So Cute In The ""Work"" Video It Hurts",1
"Ryan Phillippe Comes For Amy Schumer In This Deleted ""Trainwreck"" Scene",1
Matthew McConaughey Has Reached Peak Hot Dad Mode,1
13 Animal Masturbation Facts That Will Make You Feel Better About Being Single AF,1
This Moment Between A Starbucks Barista And A Deaf Customer Is Going Viral,1
7 Insanely Delicious Ways To Eat Leftover Halloween Candy,1
Here's What It's Like When You Physically Can't Pierce Your Ears,1
"Adam Woodyatt Is Upset A #HowsAdam Moment Didn't Happen During The ""Corrie"" Live Episode",1
What Should You Watch On Netflix This October,1
7 Really Delicious Dinners For The Week,1
What Would A Disney Movie Of Your Life Be Like,1
"Which ""The Lego Movie"" Character Are You",1
"Do You Remember The Lyrics To ""Naked Mole Rap"" From ""Kim Possible""",1
What Percent Vegan Are You,1
"The New Trailer For ""Orange Is The New Black"" Looks Seriously Intense",1
Which Perpetually Miserable Disney Character Are You Really,1
6 Easy Holiday Gifts You Can Give Everyone In Your Squad,1
Here's How To Make A Floral Dog Leash For A Winter Wedding,1
This Is Why You Don't Fuck With A Crocodile,1
"The New Trailer For ""The Secret Life Of Pets"" Is Here And It's Adorable",1
"Here's A Mindblowing ""Harry Potter"" Fan Theory About The Avada Kedavra Curse",1
Black Friday Is Your Chance To Get The Naked Palettes On Sale,1
This Korean Pop Star Can't Stop Falling On Stage During Her Performance,1
This Film About Pixar's Tributes To Classic Cinema Is Brilliant,1
31 Two-Person Costumes Guaranteed To Up Your Halloween Game,1
21 Struggles Everyone Who Has Done A Dissertation Will Understand,1
"Rory Williams Has Pretty Much Graduated From Companion To Doctor On ""Legends Of Tomorrow""",1
Every Girl Who Has Tried A Makeup Tutorial Will Recognize These Struggles,1
25 Times Hipster Britain Went Too Damn Far,1
"What Percentage Kardashian Are You, Based On 3 Questions",1
Do Bangs Make These Celebrities More Bangable,1
I JUST POOPED MY PANTS,1
Here's How To Not Get Sick When You're Traveling,1
"The Cast Of ""Parks And Rec"" In Their First Episode Vs. Their Last Episode",1
Do You Actually Prefer Chris Pratt Or Chris Hemsworth,1
We Need To Talk About American Thanksgiving,1
19 Pictures That Are Way Too Real During Finals,1
Do You Actually Know How Much Alcohol You're Drinking,1
Behold The Most Terrifying Mascot To Ever Exist,1
25 Fans Who Are More Genius Than The Players,1
"Which ""White Chick"" Are You",1
What Your Favorite Pop Divas Looked Like In 2006 Vs. Now,1
Kanye West And Wiz Khalifa Are Officially Drama Free,1
The 20 Worst Times To Make Eye Contact,1
27 Last-Minute Stocking Stuffers For Every Fandom,1
Do You Remember When People Thought Green M&M's Made You Horny,1
Every Piece Of Evidence That Proves Anna Faris And Chris Pratt Have The Cutest Family In Existence,1
Which Male Actor Should You Get For Christmas Based On The First Letter Of Your Name,1
"Michael B. Jordan Got Laid The Fuck Out While Filming ""Creed""",1
"Do You Remember The Lyrics To ""Last Friday Night"" By Katy Perry",1
These People Tried To Figure Out Where Max And Ruby's Parents Are,1
What Does Your Favorite Classic Video Game Mascot Say About You,1
Should You Get An Oscar Or Leonardo DiCaprio,1
33 Things Russia Does Differently Than Everywhere Else On Earth,1
16 Nostalgic Video Game Mashups That'll Have You Grooving,1
The Year 2015 In Charts,1
17 Life-Changing Ways To Eat PB&J,1
Rachel Bilson And Kristen Bell Are Your New Mom-Friend Goals,1
These Could Be The Coolest Baby Names In 2016,1
Questions Gay People Have For Bisexual People,1
Ask An Expert: What Is Mindfulness And Why Should You Try It,1
Here's What Beauty Ads Would Look Like If They Only Used The Advertised Product,1
21 Products For People Who Are Completely Obsessed With Poodles,1
Kathy Griffin And Kristin Chenoweth Talk About Their Worst Heckler Stories,1
Which Of The Pope's Hot Tracks Will Be Your Fall Anthem,1
"We Know Which ""Walking Dead"" Character You Are Based On Your Zodiac",1
This Is The Hardest '90s Alt Rock Music Video Quiz You'll Ever Take,1
24 Healthy On-The-Go Breakfast Ideas,1
"These 24 Moments From ""Pride & Prejudice"" Will Make Your Heart Melt",1
"Can You Identify A Show By Looking At An Old ""TV Guide"" Cover",1
What Item Should You Splurge On,1
What Ghost Movies Are Required Watching For Horror Fans,1
15 Ways We Can All Relate To Squidward Tentacles In The Winter,1
15 Gorgeous London-Inspired Tattoos You'll Absolutely Love,1
This Indian Dancer Had Sex Reassignment Surgery To Live With Her Boyfriend From Pakistan,1
"Who Said It: The ""Bob's Burgers"" Edition",1
Can You Tell Who These Model's Famous Parents Are,1
This Crying Koala Is The Cutest Thing You'll See Today,1
Cam Newton's Pants Aren't Even The Worst Thing In This Picture,1
McDonald's: 1955 Vs. Now,1
14 People Revolutionising India's Fight For LGBT Rights,1
Men Get Transformed Into Disney Princesses,1
How Hip Were You In 2015,1
31 Things That Didn't Look At All Like Penises In 2015,1
Taylor Swift's New Video Has Loads Of Callbacks To Harry Styles,1
We Know Your Relationship Status Based On Who You Don't Follow On Instagram,1
18 Truths For People Who Love Wine,1
"If You Thought Your Hotel Safe Was Secure, Think Again",1
27 Products For People Who Are Completely Obsessed With Pizza,1
"The Cast Of ""Gilmore Girls"" In Their First Episode, Last Episode, And Now",1
Jennifer Lawrence Surprised Amy Schumer With The Best Gift For Her Emmy Win,1
Two Rats Fought Over A Slice A Pizza In New York City Because Why Not,1
Take A Deep Dive Into This Disgustingly Adorable Relationship,1
Here's What Celebrities Have Been Saying About #OscarsSoWhite,1
21 People Who Took Passive-Aggressive To A New Level In 2015,1
11 Things People With Anxiety Want You To Know,1
17 Photos That Prove Snoop Dogg Has The Greatest Hair Of All Time,1
11 Times The MythBusters Took Their Job A Bit Too Far,1
31 Brilliant Ways To Dress Up A Pound Of Chicken,1
Images Of How HIV Affects Lives Around the World,1
"Here's What It Looked Like Behind The Scenes Of ""Fuller House""",1
17 Secrets We Want To Tell Our Exes,1
"How Well Do You Remember ""Scream 2""",1
If The Muppet Babies Grew Up And Went To Your High School,1
"In Memoriam: Shia LaBeouf's Beautiful, Gorgeous Rattail",1
17 Ways To Make Your Shower The Best Place On Earth,1
"12 Burning Questions ""Fuller House"" Needs To Answer ASAP",1
Cheap Vs. Expensive Tequila Taste Test,1
The 15 Best Accidental Butts Of 2015,1
Selena Gomez Reveals She Underwent Chemotherapy When People Thought She Was In Rehab,1
This Is The Most Rigged Crane Game You'll Ever See,1
Meghan Trainor And Ariana Grande Teamed Up On A New Song,1
Celebrity Halloween Costumes: 2015 Edition,1
Do You Remember Which Disney Star Sang These Lyrics,1
These Four Questions Will Decide If You Should Tell Your Crush How You Feel,1
Can We Guess How Big Your Boobs Are,1
Donald Trump With A Man Bun Will Haunt You To The Grave,1
Airplane Food In Economy Vs. First Class On 20 Airlines,1
11 Things Gingers Really Want Non-Gingers To Know,1
"Don't Watch ""Rent"" As An Adult Or You'll Realize How Annoying It Is",1
Which Best Picture Winner Should You Watch Based On Your Emoji Preference,1
"Everything You Need To Know About The Upcoming Season Of ""The Outs""",1
18 Problems Only People Who Are Always Cold Understand,1
What Type Of Person Should You Marry Based On Your Food Preferences,1
"The Cast Of ""Hamilton"" Next To Their Real-Life Historical Characters",1
How Lazy Are You Being Today,1
The Evolution Of Michael Clifford's Hair,1
Should You Stay Home From School,1
21 Pictures That Won't Make Sense To Non-Cat People,1
Do You Trust Your Friends,1
"25 Times ""It's Always Sunny"" Made You Laugh Uncontrollably",1
19 Fluffy Puppies Who Might Actually Be Bears,1
19 Times It's OK To Hit The Panic Button,1
When You Love Your Bed More Than People,1
This Is What Household Ingredients Actually Do For Your Skin,1
95 Thoughts Everyone Has When They Are Stoned AF,1
"How Well Do You Remember The Lyrics To ""School Of Rock""",1
24 Vintage Pictures Of Paris Life In The 1920s,1
21 Times Taylor Swift Totally Understood That Cat Lady Life Is The Best Life,1
"Which ""AHS: Hotel"" Character Are You Based On Your Zodiac Sign",1
What Will Your Next Boyfriend Be Like,1
This Is The Worst Version Of Your Favourite Mariah Carey Song,1
Caitlyn Jenner On The Moment She Felt Most Proud To Be A Woman In 2015,1
A Sea Otter Learned How To Use An Inhaler After She Got Asthma,1
27 Reasons Why Paris Is The Capital Of The World,1
15 Useful Things For People Who Never Remember Their Shit,1
"The Mumbai Police Has Identified Various Potentially Dangerous Places As ""No Selfie Zones""",1
"7 Essays To Read: Getting Ghosted, No Sex 'Til Marriage, And Sexist Books",1
What Percent Awkward Are You Based On Your Zodiac Sign,1
"Robert Pattinson Thought His ""Twilight"" Character Was ""Suicidally Depressed""",1
The 19 Most Important Things That Happened At The 2016 Golden Globe Awards,1
Can You Tell If This Is Chris Or Liam Hemsworth,1
32 Ridiculously Clever Group Halloween Costumes,1
18 Iconic Kim Kardashian Tweets That Are Only 4 Words,1
"25 Hearty Soups, Stews, And Chilis That'll Fill You Up And Keep You Warm",1
This Story Of David Bowie Blasting MTV For Not Playing Black Artists Is Going Viral,1
14 Celebrity Names You ALWAYS Have To Google,1
Taylor Swift Has Disappeared Off The Face Of The Earth And We're Worried,1
Loaded Cheese Stuffed Mashed Potato Balls,1
"Which ""Neon Genesis Evangelion"" Character Are You",1
17 Things Girls Love To Do With Their Boobs,1
16 Words That Mean Something Completely Different At Target,1
21 Fearful Confessions From People Entering New Relationships,1
Can We Guess Which Kardashian/Jenner Sister Is Your Favorite Based On Three Questions,1
Tell Us Your Zodiac Sign And We'll Guess When You Went To Bed Last Night,1
If Chanel Oberlin Quotes Were Motivational Posters,1
What's The Craziest Experience You've Ever Had With A Vibrator,1
Kids From New York And Kids From Los Angeles Go In On Which City Is Better,1
21 Insanely Colorful Meals That Are Healthy AF,1
21 Surprising Confessions From People Who Got Back With Their Exes,1
23 Hot AF Male Models That Will Sexually Awaken You,1
Here's The Right Kind Of Lube For Every Kind Of Sex,1
"Even Kim Kardashian Wishes The Kanye ""Rolling Stone"" Cover Was Real",1
The 15 Most Blasphemous Things Ever Said On Twitter,1
A Gorilla Looked On As A Guy Went Through Pics On His Phone,1
8 Ways Getting A Cat Totally Wrecks Your Life,1
These Photos Of Drake Are So Hot You'll Have To Go To The Emergency Room,1
You Can Make Dinner For A Week With $25,1
The 23 Most Terrifying Things Justin Bieber Fans Have Done,1
I'm Asexual But I'm Not,1
Cemitas Are Mexico's Most Delicious Dish And You Should Try It,1
18 Teeny Tiny Silver Necklaces You 100% Need,1
Which Celebrity's Twitter Bio Are You Based On Your Zodiac,1
What US Music Festival Should You Attend This Year,1
31 Things You Need To Cook In October,1
You've Been Making Your Thanksgiving Turkey The Wrong Way Your Whole Life,1
"Who Said It: The ""RuPaul's Drag Race"" Edition",1
What's Your Chocolate IQ,1
The Rock Wore A Crushed-Velvet Suit And Nothing Will Ever Be The Same,1
What Should Your 2016 Name Be,1
This Woman Is Using Dead Fish As A Makeup Accessory,1
Which Lola From 'Kalyeserye' Are You Based On These Really Hard Questions,1
25 Perfect Outfits To Wear For A Fall Wedding,1
These Three Minute Chocolate Chip Cookies Are Everything,1
Can You Match The Boy To His Boy Band,1
We Need To Talk About Matt Healy's Guyshadow,1
The Guy Who Invented The Rorschach Test Was Really Hot,1
"Who Do You Think The ""Scream Queens"" Killer Is",1
This Is What Drake Songs Would Be Titled If They Were Honest,1
Find Your Next Healthy Recipe With The BuzzFeed Food Newsletter,1
22 Times The Kardashians Proved That They're Actually Hilarious,1
18 Rotties Who Are Actually Just Big Teddy Bears,1
What Song Always Makes You Feel Like A Badass,1
We Competed To Make The Best Pizza For Wolfgang Puck And It Was A Total Mess,1
Everything You Need To Know About Being A Woman Standing In A Field,1
15 Tumblr Posts About YA Novels That'll Make You Laugh Every Time,1
65 Things That Make British People Feel Slightly Guilty,1
17 Mind-Blowingly Delicious Noodles To Try In NYC,1
19 Signs You're The Mum Of Your House,1
29 Italian Dishes Everyone Should Know,1
Should You Actually Move To Canada,1
How Many Of The Top 100 TV Shows Of All Time Have You Seen,1
17 Texts Your Mom Has Definitely Sent You,1
This One-Eyed Cat Conquered His Fear Of The Ocean And Learned To Surf,1
19 Things All '00s Girls Who Grew Up On Rom Coms Will Relate To,1
19 Of The Best Things That Ever Happened In A Grocery Store,1
24 Relationship Problems That Are Too Real For People WIth Anxiety,1
42 Heart-Pounding Moments From The Non-Stop BBC Four Sleigh Ride,1
Snapchat Ran An Ad For Booze During Its Hajj Story,1
Here's Why The Starbucks Red Cups Controversy Makes No Sense,1
Just A Reminder That Keira Knightley Used To Dress Like This,1
This Orangutan Rolling On The Ground Laughing Will Make Your Fucking Day,1
John Krasinski Talking About How Much He Loves Emily Blunt Will Destroy You,1
What Type Of Thot Are You,1
How Many Kardashian Sisters Can You Find In This Mini Crossword,1
"If You Don't Know Who The Clermont Twins Are, You Better Ask Somebody",1
Are You More Into Netflix Or More Into Chilling,1
"Hey, Guys, What's A ""Cheese Stick""",1
51 Things That Happen When Your BFF Has Depression,1
How Well Do You Actually See The Color Purple,1
Guess How Much This Extravagant Wedding Really Costs,1
Which Knowles Sister Are You,1
31 Actually Helpful Tips For Dealing With Panic Attacks,1
This Glorious Mashup Of 2015's Biggest Movies Will Blow You Away,1
Here's How To Actually Start Exercising Again,1
13 Things All Minnesotans Are Born Knowing How To Do,1
Watch This Nerdy Daredevil Solve A Rubik's Cube While Skydiving While Your Stomach Falls Out Of Your Ass,1
19 Life Hacks That Will Make You Feel Like You Have Your Shit Together,1
Do You Actually Prefer Appetizers Or Dessert,1
17 Times The Fragility Of Masculinity Went Way Too Far,1
How Much Of An Instagram Cliche Are You,1
You Can Officially Make It Through A Whole Day With Just Star Wars Merch,1
Little Mix Just Shut Down Body-Shamers In The Most Perfect Way Possible,1
Hinds: A Lesson In Cool From Spain's New Faces Of Garage Rock,1
"The ""Star Wars"" Cast Recorded An A Cappella Version Of The Famous Theme",1
"Every ""High School Musical"" Song, Ranked From Worst To Best",1
Crazy Confessions From Exes,1
18 Facts That Will Make Any Indian Feel Old,1
"34 Facts You Probably Didn't Know About ""Harry Potter And The Order Of The Phoenix""",1
Ed Sheeran Had A Hell Of A Night At The MTV EMAs,1
19 Hilarious Tweets About God That'll Make You Laugh Every Time,1
Tell Us About A Time You Really Fucked Up,1
Here's The Best Cement Ad You Will Ever See In Your Whole Life,1
27 Big Things People Are Letting Go Of This Year,1
19 Things That Mildly Irritate All Farmers,1
These Five Sisters Did A Photo Shoot To Thank Their Parents For Paying For All Of Their Weddings,1
19 People Who Are Never Allowed To Use A Microwave Again,1
These Chicken Nuggets Are What Dreams Are Made Of,1
22 Pictures Of The Rockefeller Christmas Tree Through The Ages,1
When You're A Girl Who Sheds Hair Everywhere,1
What Annoying Misconception Do People Make About Extroverts,1
Show Us Your Health And Fitness-Inspired Tattoos,1
18 Reasons Being Single During The Winter Is Actually Amazing,1
19 Reasons You Should Be Making Dessert In Your Slow Cooker,1
23 NYC Area TV Ads From The 80's That Will Turn You Into A Kid Again,1
28 David Cameron Pig Puns That Will Make You Squeal With Laughter,1
15 Hilarious Tweets About Narendra Modi Hanging Out With Francois Hollande,1
A Soap Opera Actress Tried To Hate On Viola Davis's Emmy Speech,1
23 Times Hannah Simone Was Absolutely Flawless On Instagram,1
We Need To Talk About Pumpkin Spice,1
19 Things That Won't Make Sense To Non-Twins,1
Here's How To Low-Key Paint A Vulva On Your Nails,1
A Dad Is Hilariously Illustrating The Funny Things Kids Say,1
22 Sentences That Are Way Too Real For People Who Grew Up With Strict Parents,1
46 Literary Baby Names That'll Make You Want To Have Children,1
Can You Identify These Super-Zoomed-In Celebrities,1
Which New Pop Singer Should You Obsess Over,1
9 Times Michael Scott Knew Exactly How You Feel About Adulthood,1
This Inkblot Test Will Tell You Where You Should Really Be Living,1
What Kind Of Ambivert Are You,1
What's Your Favorite Celebrity Couple Moment Of All Time,1
"Are You More Like Blair Or Serena From ""Gossip Girl?""",1
Show Us Your Regrettable Tattoo,1
31 Ways You Know You're DEFINITELY a DC Native,1
Here's How Orphan Black Fans Are Dealing With Tatiana Maslany's Emmy Loss,1
"Do You Know The Lyrics To ""How Deep Is Your Love"" By Calvin Harris And Disciples",1
Jade From Little Mix Tried To Prank-Call Taylor Swift,1
Madonna Gets Freaky On Stage With Her Biggest Fan,1
Check Out These 5 Simple Tricks To Mess With Your Friends,1
24 Realities Of Your Halloween,1
I Don't Owe Anyone My Body,1
Pigskin A Blanket: NFL Week 13 Picks,1
Which Member Of Girls Aloud Are You,1
The 21 Craziest Fan Theories Of 2015,1
We Know Your Age Based On The Words You Hate The Most,1
21 Deliciously Warming West African Dishes You Should Be Eating This Winter,1
23 Places You Won't Believe Are In England,1
19 Iconic Lessons Britney Spears Taught Us About Life,1
17 Ways To Have A Crafternoon With A Bottle Of Booze,1
17 Things Everyone Regrets Doing In Freshers' Week,1
How Sex Attractive Are You,1
12 Amazing YA Books By Latino Authors You Wont Be Able To Put Down,1
We Know Which Country You're Going To Die In Based On One Question,1
"How Well Do You Remember The Lyrics To ""No Scrubs""",1
This Is Why Ramen Has Never Looked So Good,1
"Can We Guess Your Favorite Sex Position Based On Your Favorite ""Friends"" Character",1
Dakota Johnson And Leslie Mann Hilariously Hit On A Hot Reporter,1
There's A Weird Geographical Quirk About Sweden's Match Against Denmark This Week,1
A High School Football Star Was Paralyzed After A Person Texted While Driving,1
This Test Will Determine If Nature Or Nurture Runs Your Life,1
What Kind Of Introvert Are You,1
21 Things Everyone With A Vagina Should Know About Kegels,1
What Is Britney Spears Dreaming About In This Photo,1
Can We Guess What You Hate Most Based On How You Swear,1
Which Condiment Matches Your Personality,1
"A Full Breakdown Of The Long Feud Involving Amber Rose, Kanye West, And The Kardashians",1
25 Adorable Animals To Brighten Your Day,1
This Animal Test Will Reveal How You Truly See Yourself,1
27 Gluttonous Foods To Eat Before Your New Year's Resolution Kicks In,1
16 New Year's Resolutions Only Book Nerds Can Relate To,1
16 Celebrities You Had No Idea Were British,1
This Video Of A Dying Dog Being Nursed Back To Health Is Heartwarmingly Beautiful,1
21 Dogs Who Take Their Jobs Very Seriously,1
11 Arts And Crafts Projects That Prove Mason And Penelope Disick Are Creative Geniuses,1
If Rom Coms Were Realistic,1
Ranveer Singh Talked About Facing The Casting Couch And It's Uncomfortably Real,1
How Do You Keep The Romance Alive After Kids,1
"15 Times ""Broad City"" Was The Best Part Of 2015",1
19 Reasons Filipino Christmas Is Actually The Best,1
13 Charts That Perfectly Sum Up The Reality Of Planning A Wedding,1
What Pet Name Should You Bestow Upon Your Significant Other,1
9 Women In Movies Who Somehow Brought In All The Money This Year,1
25 Real AF Struggles Anyone Who Works Out Will Recognize,1
Can You Name The Christmas Movie From The Distorted Scene,1
Justin Bieber's Dad Sent This Really Awkward Tweet About His Son's Penis,1
Here's How To Make An Easy One-Pot Winter Chili,1
Can You Actually Name These Pixar Characters,1
"Your Soulmate Tom Hiddleston Is Really, Really Good At Impressions",1
24 Amazing Products To Let The World Know You're A Burger Fan,1
23 Things Your RA Doesn't Want You To Know,1
Awkward Commercial Kiss,1
What About You Are People Most Attracted To,1
18 Hangover Texts That Are Just Too Real,1
What Do You Really Need To Hear Right Now,1
26 Things People In A Relationship Will Never Ever Understand,1
Here's How People LOL Differently Around The World,1
What It's Like To Date When You Can't Have Sex,1
"A Physicist Tweeted That Gravitational Waves ""May Have Been Discovered"" And People Are Excited",1
This Girl Cried When She Tried Pepsi For The First Time Because Life Is So Much Sometimes,1
Which Halsey Song Are You,1
Vin Diesel Shut Down Body Shamers With A Single Instagram,1
How Glamorous Are You Actually,1
The Full Story Of How 2015 Was The Year Humanity Lost All Hope,1
24 Forgotten Items All Late '90s Teen Girls Were Slightly Obsessed With,1
16 Photos That Prove Just How Hardcore Curling Is,1
This Peeing Drunk With Your BFF Infographic Is Too Real,1
How King Bach Dominated Vine,1
Everything You Thought You Knew About Washing Your Sheets Is Wrong,1
The 38 Most Awkward Cats Of 2015,1
27 Struggles People Who Don't Have Big Boobs Will Never Understand,1
Here's How To Actually Get Fit When You're A College Student,1
18 Texts From Moms That Have NO IDEA What They're Doing,1
20 Painfully Honest Confessions From Women With Polycystic Ovary Syndrome,1
Why Everyone Needs To Stop Body-Shaming Cheryl Fernandez-Versini,1
18 Animals So Weird They're Probably Fake,1
This Bride Eating A Burger At A Hockey Game In Her Wedding Dress Is All Of Us,1
Pick A Heart To Get A Positive Message Just For You,1
This Food Test Will Determine If You're Actually From Maryland,1
"This ""Gilmore Girls"" Fan Designs Beautiful Posters Inspired By The Show",1
24 Times Ruby Rose And Phoebe Dahl Defined Relationship Goals In 2015,1
We Know What Kind Of Sexts You Send,1
Which Famous Vampire Should You Date Based On Your Zodiac Sign,1
This Color Test Will Determine Your Go-To Sex Move,1
Tell Us The Creepiest Thing A Child Has Ever Said To You,1
25 Feminist Songs That Always Make You Feel Like A Boss,1
33 Impossibly Cute Ways To Cover Your Body In Books,1
What Will Your Old Person Hobby Be,1
"21 Times ""Catastrophe"" Perfectly Summed Up Life In Your Thirties",1
"Parents Are Irate Over A Children's Book Called ""Do You Want To Play With My Balls?""",1
Here's What Happened When Americans Were Given 10 Minutes To Describe Everything British,1
10 Pairs Of Unrelated Films Summed Up In The Same Sentence,1
How Well Do You Actually Know Cher Horowitz,1
We Need To Talk About Janet Jackson's Side-Eye,1
Evan Rachel Wood Just Made The Most Amazing Comments About Bisexuality,1
29 Autocorrect Fails That Are Never Not Funny,1
How Can You Lose 50+ Pounds,1
15 Ways We Actually Express Ourselves,1
"Meet Alice In Wonderland's Daughter On Disney's ""Descendants: Wicked World""",1
Find Out What You Should Watch On Netflix This February,1
Here's Everyone Who Attended The BAFTAs,1
Getting A Phone Call In 2016,1
53 Wonderfully Pointless Facts About The English Language,1
What's The Most Shocking Way You've Injured Yourself,1
How Many Iconic Early '00s Movies Have You Actually Seen,1
18 Genius Ways To Eat Cheese For Every Meal,1
What Number Are You,1
Rose McGowan Defends Comments Criticizing Caitlyn Jenner's Understanding of Womanhood,1
Kids Try Coffee For The First Time,1
Here's What You Need To Know About Getting Popular Tattoos,1
20 Things That Happen When You're Out With The Squad,1
Which Person Should Write You A Haiku For Valentine's Day,1
How Much Of A Grinch Are You,1
Steven Avery's Son Doesn't Think His Dad Is Guilty Of Murder,1
An Ode To Yolanda Foster's Malibu Mansion,1
9 Safety Tips To Keep Your Pet Happy And Healthy This Fall,1
"Kristen Stewart Thinks People Should ""Do Something"" About The Lack Of Gender Equality",1
14 Types Of People At Every College Party,1
17 Incredibly Important Life Lessons We Can Learn From Winona Ryder,1
Easy DIY Halloween Nails,1
10 Awesome Things You Can Make Out Of Duct Tape,1
Who Said It: Chandler Bing Or Liz Lemon,1
Tell Us About Yourself(ie): Adam Copeland,1
"Do You Remember The Lyrics To Ashlee Simpson's ""L.O.V.E.""",1
21 Gloriously Cheesy Desserts,1
We Got Eyebrow Extensions And The Transformations Were Unreal,1
11 Types Of Student Everyone Meets At University,1
Here Are All The Winners At The 2016 Golden Globes,1
24 Things You'll Understand If You Think Working Out Is The Worst,1
Thoughts During A Pedicure,1
Why This TV Show Featured Full-Frontal Male Nudity,1
What's The Most Savage Thing Your Grandma Has Ever Said To You,1
"P. Diddy's ""I Need A Girl (Part One)"" Was The Best R&B Song Of The Early 2000s",1
21 Cosy AF Bedroom Goals,1
17 Books With LGBT Characters That Will Actually Change Your Life,1
These 17 Inappropriate Pumpkins Will Make You Feel Things,1
Women Discuss Crushing On Friends,1
Can You Match The Flame Test Colour To The Element,1
22 Photos That Prove Britain Is A Fictional Country,1
17 Babysitting Horror Stories That Prove Kids Are The Worst,1
These Insane Sandcastle Hotels Really Exist And You Can Actually Stay In Them,1
Which Drake Album Matches Your Personality,1
How Dirty Minded Are You Really,1
Couples Find Out If Their Stories Of How They Met Add Up,1
33 Love Songs From The Early '00s You'll Never Forget,1
17 Problems You'll Understand If You're Tall-Ish,1
17 Things Plus-Size Women Can't Possibly Do,1
Can You Identify The Elements From Their Periodic Symbols,1
What Baskin Robbins Flavor Are You Based On The Day You Were Born,1
19 Words That Mean Something Completely Different When You're Obsessed With Makeup,1
27 Totally Hilarious Family Photos,1
I Turned My LinkedIn Profile Into A Dating Profile,1
Here's How To Step Up Your Selfie Game By Thinking Creatively,1
"Emma Watson Was Told Not To Use The Word ""Feminism"" During A Speech About Equality",1
How Well Do You Actually Know Prince Eric,1
This Writer Penned A Poem For Each Night She Went Over The Manhattan Bridge,1
We Know Your Favorite Disney Movie Based On Your Favorite Dog,1
22 Hilarious Holiday Cards For People Who Love Food,1
17 Times Netflix And Chill Was The Greatest Meme Ever,1
Donald Trump In Famous Horror Movie Scenes Will Petrify You,1
21 Times Chris Pratt Was Too Good For This World,1
29 Tweets About Technology Guaranteed To Make You Laugh,1
"30 Words For ""Fart,"" Ranked",1
We Need To Discuss Global Treasure Alicia Vikander,1
21 Tumblr Posts That Will Speak Directly To Your Soul During Finals Week,1
9 Recipes For People Who Are Obsessed With Pork And Slow Cookers,1
These Microscopic Videos Will Make Your Skin Crawl In A Good Way,1
32 Times Lady Gaga Slayed The Shit Out Of Us On Instagram,1
18 Things To Do With A Date Besides Netflix And Chill,1
"Which Hogwarts Houses Do These ""Game Of Thrones"" Characters Belong In",1
Britney Spears Googled A Picture Of Corn To Post On Instagram,1
These Hollywood Actors Performed Monologues Of Other Women's Abortion Stories,1
16 Spanish Landmarks That Are Actually Crap,1
12 Disneyland Treats You Can Only Indulge In During The Holidays,1
21 Delicious Cookie Recipes To Make This Fall,1
Guy Friends Get Naked And Bare All,1
22 Cats We've All Been At Some Point In Our Lives,1
12 Amazing Photos That Will Make You Feel So Very Insignificant,1
"Which Is Better: ""Hocus Pocus"" Or ""Halloweentown""",1
"Daniel Radcliffe Really Wants You To Know That He Didn't Masturbate On The Set Of ""Harry Potter""",1
Signs You're An Old Married Couple,1
"Do You Say ""Awnt"" Or ""Ant""",1
This Gorgeous Man Travels The World Eating Pizza,1
This Guy Forgot His ID And Became Every Bouncer's Worst Nightmare,1
Signs You Grew Up Italian-American,1
19 Reasons Straight Women Should Stay Single Forever,1
What Boozy Drink Should You Have After Work,1
Isn't It Time For A New Religion,1
"7 Essays To Read: Smoking To Get Sober, Asian Pseudonyms, And Loneliness",1
19 Things All Students Have Experienced,1
23 Things Every Music Nerd Will Find Funny,1
21 Times Blue Ivy's Hair Stunted On Toddlers Everywhere,1
We Can Guess Your Age With Just Three Questions About Your WhatsApp Habits,1
The 24 Best Literary Debuts Of 2015,1
Women Share Their First Queer Crush,1
21 Crock Pot Dump Dinners For Winter,1
An Adorable Animals Advent Calendar: December 6,1
This Pastry Chef Matches His Treats To His Outfit And It Works,1
Are You More Hogwarts Or Xavier's,1
8 Animals That May Not Survive 2016,1
17 Severely Relatable Moments For Anyone With Gift-Opening Anxiety,1
Which Shia Are You Based On Your Favorite Hole,1
16 Siblings Who Had The Last Laugh,1
23 Things That Are Way Too Real If You've Been Single For Over A Year,1
Which Random Hogwarts Student Are You Based On Your Zodiac Sign,1
21 Times Pit Bulls Were Good People,1
22 Struggles People Who Don't Wear Glasses Will Never Understand,1
What Happens When A Couple Reveals Their Sexual Fantasies To Each Other,1
"There's A New Character Named Linkle In An Upcoming ""Zelda"" Game",1
12 Unexpectedly Bizarre Moments From British Court Cases,1
"This Is Julia, Sesame Street's First Character With Autism",1
24 Pictures That Are Way Too Real For Everyone With Long Hair,1
How Full Of Crap Is Your House,1
"The One Thing You Never Noticed About ""Tarzan""",1
"Which Lyon Brother On ""Empire"" Is The Most Fine",1
Gabrielle Union And Dwyane Wade Made Their Wedding Video Look Like A Rom-Com Trailer,1
17 Gifts Every ShondaLand Fan Will Love,1
How Well Do You Know Regina George,1
15 Texts Everyone Dreads Getting During Fall,1
"Hey, McDonald's: Fix Your Damn Ice Cream Machine",1
18 TV Characters Who Prove Gryffindors Are The Absolute Best,1
17 Powerful Quotes About Racism In America,1
Here's Why People Are Upset At Amazon's New Seattle Bookstore,1
BuzzFeed Press Blog,1
15 Christmas Emojis You Could Definitely Use Right Now,1
"How Long Would You Last In Kappa Kappa Tau On ""Scream Queens""",1
17 Mouthwatering Ways To Have A Love Affair With Strawberries,1
What Celebrity Body Part Are You,1
36 Of The Absolute Best Curvy Costume Ideas,1
Can You Guess The Smashed Up Valentine's Day Candy,1
You Can Now Show You're Really Interested On Tinder By Swiping Up,1
9 Times Olivia Was Ashamed Of Raven-Symone,1
We Live In A Craven Universe Where Scott Disick Doesn't Have A Wikipedia Page,1
7 Very Easy Ways To Eat Healthier This Week,1
17 Struggles Of Having Parents Who Hate The Way You Dress,1
Serious Question: Is This Brad Pitt Or Not,1
"We Really, Really Need To Talk About Harry Styles' Hair",1
23 Food Truths Only Mexicans Would Understand,1
The Shade Room Is Coming For The Gossip Industry's Wig,1
I Went To The Sylvester Stallone Memorabilia Preview And Asked To Smell Rocky's Gloves,1
The Rock Had To Put One Of His Puppies To Sleep After It Ate A Poisonous Mushroom,1
18 Things All Gin Drinkers Need In Their Life,1
This Story About Alan Rickman And Rupert Grint Bonding Is Lovely,1
Krampus Is The Terrifying Holiday Movie You Didn't Know You Needed,1
Asian Women Watched Asian Porn And They Were Horrified,1
21 Martinis For People Who Are Definitely Not James Bond,1
"We Asked Couples Try Each Other's Hobbies And It Was Pretty, Pretty Cute",1
"We Need To Talk About Lex Luthor In ""Batman V Superman""",1
Today's Good Nice Horoscope For All Humans,1
Relax And Watch This Hamster Eat A Little Carrot,1
What's The Weirdest Sex Toy You've Ever Seen,1
Cher Destroys Donald Trump In One Little Tweet,1
Your Choice Of Christmas Cupcake Will Reveal Your Darkest Secret,1
18 Differences Between Snow Days In Canada And America,1
"This Slow Cooker Pork Rice Bowl Is Quick, Easy, And Filling",1
25 Ridiculously Romantic Moments That Made Us Cry In 2015,1
Which Snake Are You,1
Everyone's Confused Why Sting Is Performing The NBA All-Star Halftime Show In Toronto,1
Stunning Vintage Photos Reveal The Brief Life Of Artist Eva Hesse,1
22 Times Animals Were You Just Trying To Live Your Life,1
What Will Your New Year's Eve Be Like,1
"What ""Harry Potter"" Pick Up Line Should You Use",1
Just A Collection Of People Scolding Each Other On YouTube,1
Here's How To Make Grilled Cheese Sandwiches Filled With Beer,1
"Guys, ""America's Next Top Model"" Is Returning To TV",1
This Guy Pranked His Girlfriend Every Time He Took Her Photo By Filming A Video Instead,1
21 Unexpected Things You Can Make In A Rice Cooker,1
"The New ""Spaceballs: The Schwartz Awakens"" Trailer Will Make You Feel Like A Kid Again",1
This Story Is For Anyone With Reservations About Bringing Syrian Refugees To Canada,1
17 Boozy Ice Cream Treats You Can Actually Make This Holiday Season,1
When You're In Love With Your Best Friend,1
You Will Actually Die From How Mind-Blowing The New Circle K Logo Is,1
17 Pictures That Are Way Too Real For Everyone Who Hates Going Out,1
Which Dog Breed Are You Based On Your Zodiac Sign,1
21 Things Every Minnesotan Has To Do At The Start Of Winter,1
Ask Sarah Jessica Parker Anything You've Ever Wanted To Know About Her,1
Can We Guess Your Age Based On Which Colors Your Choose,1
Channing Tatum Is The Most Emo Guy At The Golden Globe Awards,1
31 Tweets About Exercise That Will Make You Laugh Out Loud,1
What's The Strangest Way You've Seen A Dress Code Enforced,1
This Is The Difference Between People With Social Anxiety And Without,1
We Had People Try The Smelliest Fruit In Front Of A Live Audience,1
"See How Well You Know These ""Arrested Development"" Characters",1
Today's Dose Of WTF: Four Topless Women Did Bollywood Dancing At Times Square Wearing Only Body Paint,1
19 Pictures That Sum Up How Absolutely Ridiculous It Is Finding A Job,1
"Which ""Harry Potter"" Sweet Should You Eat This Halloween",1
"The ""20 Minutes In, He Gives You That Look"" Puzzle",1
"Which Little Mix ""Get Weird"" Song Are You",1
Jennifer Lawrence Hates New Year's Eve For The Same Reason We All Do,1
This Is Why Mainland Europe Is Better At Christmas Than Everyone Else,1
People Try Activated Charcoal Drinks,1
This Is What Disney Villains Would Look Like In Real Life,1
Which Motivational Shia LaBeouf GIF Do You Need To See Today,1